{
    "samara": {
        "Nota 1": 7.8,
        "Nota 2": 8.9,
        "Nota 3": 9.0,
        "Media": 8.566666666666666
    },
    "jack": {
        "Nota 1": 6.6,
        "Nota 2": 9.9,
        "Nota 3": 8.8,
        "Media": 8.433333333333334
    },
    "mia": {
        "Nota 1": 9.9,
        "Nota 2": 9.0,
        "Nota 3": 10.0,
        "Media": 9.633333333333333
    }
}