{
    "arthur": {
        "Nota 1": 7.7,
        "Nota 2": 5.5,
        "Nota 3": 9.9,
        "Media": 7.7
    },
    "mariana": {
        "Nota 1": 4.4,
        "Nota 2": 9.9,
        "Nota 3": 8.0,
        "Media": 7.433333333333334
    },
    "lucas": {
        "Nota 1": 4.4,
        "Nota 2": 9.9,
        "Nota 3": 10.0,
        "Media": 8.1
    },
    "bruna": {
        "Nota 1": 7.7,
        "Nota 2": 8.8,
        "Nota 3": 9.9,
        "Media": 8.799999999999999
    },
    "roberto": {
        "Nota 1": 8.8,
        "Nota 2": 9.0,
        "Nota 3": 6.0,
        "Media": 7.933333333333334
    },
    "henrique": {
        "Nota 1": 5.6,
        "Nota 2": 6.7,
        "Nota 3": 7.8,
        "Media": 6.7
    }
}